<?xml version="1.0" encoding="UTF-8"?>
<beans xmlns="http://www.springframework.org/schema/beans"
	xmlns:xsi="http://www.w3.org/2001/XMLSchema-instance" 
	xmlns:aop="http://www.springframework.org/schema/aop"
	xsi:schemaLocation="http://www.springframework.org/schema/beans 
	http://www.springframework.org/schema/beans/spring-beans-4.0.xsd">
	<bean id="user" class="com.cg.spring.User">
	<property name="uName"><value>${uNmae}</value></property>
	<property name="pass"><value>${pass}</value></property>
	</bean>
	<bean id="placeHolderConfig" class="org.springframework.beans.factory.config.PropertyPlaceHolderConfigurer">
	<property name="location"><value>user.properties</value></property>
	</bean>
	</beans>