<?xml version="1.0" encoding="UTF-8"?>
<beans xmlns="http://www.springframework.org/schema/beans"
	xmlns:xsi="http://www.w3.org/2001/XMLSchema-instance" 
	xmlns:aop="http://www.springframework.org/schema/aop"
	xsi:schemaLocation="http://www.springframework.org/schema/beans 
	http://www.springframework.org/schema/beans/spring-beans-4.0.xsd">
	<bean id="exchangeservice" class="com.cg.springdemo.ExchangeServiceImpl">
	<constructor-arg >
	<value>
	42.0
	</value>
	</constructor-arg>	
	</bean>
	<bean id="currencyconverter" class="com.cg.springdemo.CurrencyImpl" autowire="byName">
	<!--  <property name="exchangeservice">
	<ref bean="exchangeservice1"></ref>
	</property> -->
	
	</bean>
	
</beans>